Model,Modality,Acceleration Rate,SSIM
AFT-Net (I),T2w on 1.5T,2x,0.9716608253544008
AFT-Net (I),T2w on 1.5T,2x,0.9707454671214996
AFT-Net (I),T2w on 1.5T,2x,0.9705072148926106
AFT-Net (I),T2w on 1.5T,2x,0.9526076145188036
AFT-Net (I),T2w on 1.5T,2x,0.9607931442666624
AFT-Net (I),T2w on 1.5T,2x,0.9660058225804607
AFT-Net (I),T2w on 1.5T,2x,0.9211628931488282
AFT-Net (I),T2w on 1.5T,2x,0.969494182860513
AFT-Net (I),T2w on 1.5T,2x,0.966592022053232
AFT-Net (I),T2w on 1.5T,2x,0.9676192768869116
AFT-Net (I),T2w on 1.5T,2x,0.967521057155492
AFT-Net (I),T2w on 1.5T,2x,0.9784425564196472
AFT-Net (I),T2w on 1.5T,2x,0.9667656026941076
AFT-Net (I),T2w on 1.5T,2x,0.9678046783455152
AFT-Net (I),T2w on 1.5T,2x,0.9696687460019476
AFT-Net (I),T2w on 1.5T,2x,0.9709344826955476
AFT-Net (I),T2w on 1.5T,2x,0.9685470508809236
AFT-Net (I),T2w on 1.5T,2x,0.9758817969113416
AFT-Net (I),T2w on 1.5T,2x,0.9665484870764276
AFT-Net (I),T2w on 1.5T,2x,0.9750270698482068
AFT-Net (I),T2w on 1.5T,2x,0.9765789233878284
AFT-Net (I),T2w on 1.5T,2x,0.9728138349683798
AFT-Net (I),T2w on 1.5T,2x,0.9723978830455476
AFT-Net (I),T2w on 1.5T,2x,0.9742272605337636
AFT-Net (I),T2w on 1.5T,2x,0.9715742240486384
AFT-Net (I),T2w on 1.5T,2x,0.9631249269216132
AFT-Net (I),T2w on 1.5T,2x,0.9720854646493768
AFT-Net (I),T2w on 1.5T,2x,0.9404466259512864
AFT-Net (I),T2w on 1.5T,2x,0.9737568764664551
AFT-Net (I),T2w on 1.5T,2x,0.970430149488478
AFT-Net (I),T2w on 1.5T,2x,0.9593630497606648
AFT-Net (I),T2w on 1.5T,2x,0.942297527481222
AFT-Net (I),T2w on 1.5T,2x,0.9539454599976092
AFT-Net (I),T2w on 1.5T,2x,0.9606278988146192
AFT-Net (I),T2w on 1.5T,2x,0.9623852523292454
AFT-Net (I),T2w on 1.5T,2x,0.936109238571698
AFT-Net (I),T2w on 1.5T,2x,0.954592606571766
AFT-Net (I),T2w on 1.5T,2x,0.9423433134461204
AFT-Net (I),T2w on 1.5T,2x,0.955136123495145
AFT-Net (I),T2w on 1.5T,2x,0.956135908735039
AFT-Net (I),T2w on 1.5T,2x,0.9646378358171136
AFT-Net (I),T2w on 1.5T,2x,0.9509111760426748
AFT-Net (I),T2w on 1.5T,2x,0.9607050211655432
AFT-Net (I),T2w on 1.5T,2x,0.9455954639490244
AFT-Net (I),T2w on 1.5T,2x,0.967903458812987
AFT-Net (I),T2w on 1.5T,2x,0.9720094668701388
AFT-Net (I),T2w on 1.5T,2x,0.9435635579612832
AFT-Net (I),T2w on 1.5T,2x,0.948917300570065
AFT-Net (I),T2w on 1.5T,2x,0.9557742969282084
AFT-Net (I),T2w on 1.5T,2x,0.9308846767061012
AFT-Net (I),T2w on 1.5T,2x,0.9658635367600176
AFT-Net (I),T2w on 1.5T,2x,0.9671607159181148
AFT-Net (I),T2w on 1.5T,2x,0.9647349533535612
AFT-Net (I),T2w on 1.5T,2x,0.9730118368188476
AFT-Net (I),T2w on 1.5T,2x,0.966237245519524
AFT-Net (I),T2w on 1.5T,2x,0.964556169030609
AFT-Net (I),T2w on 1.5T,2x,0.9539233164373632
AFT-Net (I),T2w on 1.5T,2x,0.9727087850282016
AFT-Net (I),T2w on 1.5T,2x,0.9701756155935184
AFT-Net (I),T2w on 1.5T,2x,0.9697072623720124
AFT-Net (I),T2w on 1.5T,2x,0.9559396393421352
AFT-Net (I),T2w on 1.5T,2x,0.9659978283464132
AFT-Net (I),T2w on 1.5T,2x,0.923221719623839
AFT-Net (I),T2w on 1.5T,2x,0.9544794956198144
AFT-Net (I),T2w on 1.5T,2x,0.9655541214649548
AFT-Net (I),T2w on 1.5T,2x,0.9600421358975876
AFT-Net (I),T2w on 1.5T,2x,0.9616480602010652
AFT-Net (I),T2w on 1.5T,2x,0.9730124724250598
AFT-Net (I),T2w on 1.5T,4x,0.9371285837966188
AFT-Net (I),T2w on 1.5T,4x,0.93625565738591
AFT-Net (I),T2w on 1.5T,4x,0.9410762622455532
AFT-Net (I),T2w on 1.5T,4x,0.9382482201739196
AFT-Net (I),T2w on 1.5T,4x,0.9238284412157984
AFT-Net (I),T2w on 1.5T,4x,0.9550670823353332
AFT-Net (I),T2w on 1.5T,4x,0.905041182509613
AFT-Net (I),T2w on 1.5T,4x,0.9251635624989236
AFT-Net (I),T2w on 1.5T,4x,0.9565846461325744
AFT-Net (I),T2w on 1.5T,4x,0.9364668232775152
AFT-Net (I),T2w on 1.5T,4x,0.9450369777659796
AFT-Net (I),T2w on 1.5T,4x,0.9598940933672894
AFT-Net (I),T2w on 1.5T,4x,0.9565181572998483
AFT-Net (I),T2w on 1.5T,4x,0.9597848857858718
AFT-Net (I),T2w on 1.5T,4x,0.960341989788876
AFT-Net (I),T2w on 1.5T,4x,0.9527634314171776
AFT-Net (I),T2w on 1.5T,4x,0.9538529606725652
AFT-Net (I),T2w on 1.5T,4x,0.9539953067611964
AFT-Net (I),T2w on 1.5T,4x,0.9589253954421356
AFT-Net (I),T2w on 1.5T,4x,0.9569709035023408
AFT-Net (I),T2w on 1.5T,4x,0.9567936214070452
AFT-Net (I),T2w on 1.5T,4x,0.9526567947762538
AFT-Net (I),T2w on 1.5T,4x,0.963828653540048
AFT-Net (I),T2w on 1.5T,4x,0.9551383644349865
AFT-Net (I),T2w on 1.5T,4x,0.9523645740500244
AFT-Net (I),T2w on 1.5T,4x,0.9578264609116512
AFT-Net (I),T2w on 1.5T,4x,0.9519210141425608
AFT-Net (I),T2w on 1.5T,4x,0.9273246018620064
AFT-Net (I),T2w on 1.5T,4x,0.9465225815663524
AFT-Net (I),T2w on 1.5T,4x,0.944850032006518
AFT-Net (I),T2w on 1.5T,4x,0.9538753398466272
AFT-Net (I),T2w on 1.5T,4x,0.9289233665446062
AFT-Net (I),T2w on 1.5T,4x,0.9460619979048052
AFT-Net (I),T2w on 1.5T,4x,0.951101171141004
AFT-Net (I),T2w on 1.5T,4x,0.955979796260517
AFT-Net (I),T2w on 1.5T,4x,0.9195888160536648
AFT-Net (I),T2w on 1.5T,4x,0.9473633882518624
AFT-Net (I),T2w on 1.5T,4x,0.9337851728349708
AFT-Net (I),T2w on 1.5T,4x,0.9447126161114248
AFT-Net (I),T2w on 1.5T,4x,0.9436039276634112
AFT-Net (I),T2w on 1.5T,4x,0.9555591804698004
AFT-Net (I),T2w on 1.5T,4x,0.9435734114823112
AFT-Net (I),T2w on 1.5T,4x,0.9537282498896535
AFT-Net (I),T2w on 1.5T,4x,0.9366762981887125
AFT-Net (I),T2w on 1.5T,4x,0.9424175993266752
AFT-Net (I),T2w on 1.5T,4x,0.9482555031229472
AFT-Net (I),T2w on 1.5T,4x,0.9339310277513956
AFT-Net (I),T2w on 1.5T,4x,0.9410799795754043
AFT-Net (I),T2w on 1.5T,4x,0.9463375850619512
AFT-Net (I),T2w on 1.5T,4x,0.9234827997381588
AFT-Net (I),T2w on 1.5T,4x,0.9592112674270348
AFT-Net (I),T2w on 1.5T,4x,0.9386727248305164
AFT-Net (I),T2w on 1.5T,4x,0.956044796646098
AFT-Net (I),T2w on 1.5T,4x,0.949553961118492
AFT-Net (I),T2w on 1.5T,4x,0.9456648610983274
AFT-Net (I),T2w on 1.5T,4x,0.9600307487636972
AFT-Net (I),T2w on 1.5T,4x,0.9470089082061964
AFT-Net (I),T2w on 1.5T,4x,0.9444953408218132
AFT-Net (I),T2w on 1.5T,4x,0.9440130805970568
AFT-Net (I),T2w on 1.5T,4x,0.9553042830103512
AFT-Net (I),T2w on 1.5T,4x,0.9449197584955444
AFT-Net (I),T2w on 1.5T,4x,0.9463632403586332
AFT-Net (I),T2w on 1.5T,4x,0.9002188462091896
AFT-Net (I),T2w on 1.5T,4x,0.9486297749461116
AFT-Net (I),T2w on 1.5T,4x,0.9614997419718092
AFT-Net (I),T2w on 1.5T,4x,0.9458014609129703
AFT-Net (I),T2w on 1.5T,4x,0.9250229128175836
AFT-Net (I),T2w on 1.5T,4x,0.9467805966966892
AFT-Net (I),T2w on 1.5T,8x,0.8903609131950909
AFT-Net (I),T2w on 1.5T,8x,0.8947528929767722
AFT-Net (I),T2w on 1.5T,8x,0.9070780939228112
AFT-Net (I),T2w on 1.5T,8x,0.9227471609389044
AFT-Net (I),T2w on 1.5T,8x,0.876305199867107
AFT-Net (I),T2w on 1.5T,8x,0.9397633735442104
AFT-Net (I),T2w on 1.5T,8x,0.8898128750779569
AFT-Net (I),T2w on 1.5T,8x,0.8573245411115055
AFT-Net (I),T2w on 1.5T,8x,0.9430308912807118
AFT-Net (I),T2w on 1.5T,8x,0.8943228293870262
AFT-Net (I),T2w on 1.5T,8x,0.8956205334181265
AFT-Net (I),T2w on 1.5T,8x,0.9184331496184316
AFT-Net (I),T2w on 1.5T,8x,0.9332763632841016
AFT-Net (I),T2w on 1.5T,8x,0.9415173524460188
AFT-Net (I),T2w on 1.5T,8x,0.938814917288124
AFT-Net (I),T2w on 1.5T,8x,0.9167420229462704
AFT-Net (I),T2w on 1.5T,8x,0.9226873244519054
AFT-Net (I),T2w on 1.5T,8x,0.910440910907029
AFT-Net (I),T2w on 1.5T,8x,0.9400476903989936
AFT-Net (I),T2w on 1.5T,8x,0.9122041201681028
AFT-Net (I),T2w on 1.5T,8x,0.912490775371198
AFT-Net (I),T2w on 1.5T,8x,0.9110046909088771
AFT-Net (I),T2w on 1.5T,8x,0.940524279137613
AFT-Net (I),T2w on 1.5T,8x,0.9122540627545508
AFT-Net (I),T2w on 1.5T,8x,0.9089293310757396
AFT-Net (I),T2w on 1.5T,8x,0.943717987385568
AFT-Net (I),T2w on 1.5T,8x,0.9106008348048856
AFT-Net (I),T2w on 1.5T,8x,0.9046570167271694
AFT-Net (I),T2w on 1.5T,8x,0.8951772384338847
AFT-Net (I),T2w on 1.5T,8x,0.8966919257548659
AFT-Net (I),T2w on 1.5T,8x,0.9420735692070986
AFT-Net (I),T2w on 1.5T,8x,0.8994131464384593
AFT-Net (I),T2w on 1.5T,8x,0.9290478684168156
AFT-Net (I),T2w on 1.5T,8x,0.9283037252340074
AFT-Net (I),T2w on 1.5T,8x,0.9423006048200604
AFT-Net (I),T2w on 1.5T,8x,0.8840576225932625
AFT-Net (I),T2w on 1.5T,8x,0.9297461093130102
AFT-Net (I),T2w on 1.5T,8x,0.9158434944926958
AFT-Net (I),T2w on 1.5T,8x,0.9218726672544388
AFT-Net (I),T2w on 1.5T,8x,0.9218973307959308
AFT-Net (I),T2w on 1.5T,8x,0.9380133955338538
AFT-Net (I),T2w on 1.5T,8x,0.9282816189812512
AFT-Net (I),T2w on 1.5T,8x,0.939343146205722
AFT-Net (I),T2w on 1.5T,8x,0.9227419915035688
AFT-Net (I),T2w on 1.5T,8x,0.8922772719812916
AFT-Net (I),T2w on 1.5T,8x,0.8937880818594663
AFT-Net (I),T2w on 1.5T,8x,0.916541472928488
AFT-Net (I),T2w on 1.5T,8x,0.9252369364455112
AFT-Net (I),T2w on 1.5T,8x,0.926333051363872
AFT-Net (I),T2w on 1.5T,8x,0.910345194289692
AFT-Net (I),T2w on 1.5T,8x,0.945025033392256
AFT-Net (I),T2w on 1.5T,8x,0.8855160148500942
AFT-Net (I),T2w on 1.5T,8x,0.9366755856815158
AFT-Net (I),T2w on 1.5T,8x,0.9028658870468806
AFT-Net (I),T2w on 1.5T,8x,0.9027097173197008
AFT-Net (I),T2w on 1.5T,8x,0.947939632144089
AFT-Net (I),T2w on 1.5T,8x,0.9333443300466524
AFT-Net (I),T2w on 1.5T,8x,0.8942033953940844
AFT-Net (I),T2w on 1.5T,8x,0.8852057817156411
AFT-Net (I),T2w on 1.5T,8x,0.9167903931347632
AFT-Net (I),T2w on 1.5T,8x,0.9253421418072592
AFT-Net (I),T2w on 1.5T,8x,0.9077588371469888
AFT-Net (I),T2w on 1.5T,8x,0.8510350971474229
AFT-Net (I),T2w on 1.5T,8x,0.9359115503843728
AFT-Net (I),T2w on 1.5T,8x,0.9497447107690816
AFT-Net (I),T2w on 1.5T,8x,0.92208010762121
AFT-Net (I),T2w on 1.5T,8x,0.858540741487885
AFT-Net (I),T2w on 1.5T,8x,0.8993004128597145
AFT-Net (I),T2w on 1.5T,16x,0.8242963974246501
AFT-Net (I),T2w on 1.5T,16x,0.836091642319703
AFT-Net (I),T2w on 1.5T,16x,0.8582128111989877
AFT-Net (I),T2w on 1.5T,16x,0.8992077115183733
AFT-Net (I),T2w on 1.5T,16x,0.8142380975226052
AFT-Net (I),T2w on 1.5T,16x,0.9236970079380584
AFT-Net (I),T2w on 1.5T,16x,0.8522569320768474
AFT-Net (I),T2w on 1.5T,16x,0.7629920648101015
AFT-Net (I),T2w on 1.5T,16x,0.9286800467556768
AFT-Net (I),T2w on 1.5T,16x,0.8408586492912512
AFT-Net (I),T2w on 1.5T,16x,0.8149864339413848
AFT-Net (I),T2w on 1.5T,16x,0.8494585334624057
AFT-Net (I),T2w on 1.5T,16x,0.8915929419682017
AFT-Net (I),T2w on 1.5T,16x,0.9157551394601946
AFT-Net (I),T2w on 1.5T,16x,0.8967914734955507
AFT-Net (I),T2w on 1.5T,16x,0.8539401350717617
AFT-Net (I),T2w on 1.5T,16x,0.8741648036109827
AFT-Net (I),T2w on 1.5T,16x,0.8353239956634211
AFT-Net (I),T2w on 1.5T,16x,0.9088840580799192
AFT-Net (I),T2w on 1.5T,16x,0.8418716089371414
AFT-Net (I),T2w on 1.5T,16x,0.8314759217178356
AFT-Net (I),T2w on 1.5T,16x,0.8465776594061586
AFT-Net (I),T2w on 1.5T,16x,0.8994136791854029
AFT-Net (I),T2w on 1.5T,16x,0.8458123413381956
AFT-Net (I),T2w on 1.5T,16x,0.8289278748207419
AFT-Net (I),T2w on 1.5T,16x,0.924883835197446
AFT-Net (I),T2w on 1.5T,16x,0.8536132501390917
AFT-Net (I),T2w on 1.5T,16x,0.8703388647082918
AFT-Net (I),T2w on 1.5T,16x,0.8004787371895841
AFT-Net (I),T2w on 1.5T,16x,0.8232492881876
AFT-Net (I),T2w on 1.5T,16x,0.9238124509604888
AFT-Net (I),T2w on 1.5T,16x,0.8638951693638881
AFT-Net (I),T2w on 1.5T,16x,0.9014892169897109
AFT-Net (I),T2w on 1.5T,16x,0.8938323097455473
AFT-Net (I),T2w on 1.5T,16x,0.9224876065129644
AFT-Net (I),T2w on 1.5T,16x,0.8231946595986795
AFT-Net (I),T2w on 1.5T,16x,0.90586772114783
AFT-Net (I),T2w on 1.5T,16x,0.8922691504640043
AFT-Net (I),T2w on 1.5T,16x,0.8922251200821096
AFT-Net (I),T2w on 1.5T,16x,0.898166309571845
AFT-Net (I),T2w on 1.5T,16x,0.9120789675078056
AFT-Net (I),T2w on 1.5T,16x,0.9066182633491848
AFT-Net (I),T2w on 1.5T,16x,0.920325049878682
AFT-Net (I),T2w on 1.5T,16x,0.9047349161457724
AFT-Net (I),T2w on 1.5T,16x,0.8233860966393666
AFT-Net (I),T2w on 1.5T,16x,0.8122831351654379
AFT-Net (I),T2w on 1.5T,16x,0.8947491975491694
AFT-Net (I),T2w on 1.5T,16x,0.9077702839519306
AFT-Net (I),T2w on 1.5T,16x,0.8995975544289074
AFT-Net (I),T2w on 1.5T,16x,0.8870350825842955
AFT-Net (I),T2w on 1.5T,16x,0.9269309586377248
AFT-Net (I),T2w on 1.5T,16x,0.8161431090289477
AFT-Net (I),T2w on 1.5T,16x,0.9101179389639036
AFT-Net (I),T2w on 1.5T,16x,0.8369124354427417
AFT-Net (I),T2w on 1.5T,16x,0.8451922040434743
AFT-Net (I),T2w on 1.5T,16x,0.9304116309731724
AFT-Net (I),T2w on 1.5T,16x,0.913681482357746
AFT-Net (I),T2w on 1.5T,16x,0.8258986882112928
AFT-Net (I),T2w on 1.5T,16x,0.794797569570221
AFT-Net (I),T2w on 1.5T,16x,0.8568538123052679
AFT-Net (I),T2w on 1.5T,16x,0.9053513201573627
AFT-Net (I),T2w on 1.5T,16x,0.8335061700012988
AFT-Net (I),T2w on 1.5T,16x,0.7907555934526004
AFT-Net (I),T2w on 1.5T,16x,0.914095450073748
AFT-Net (I),T2w on 1.5T,16x,0.9294849971495271
AFT-Net (I),T2w on 1.5T,16x,0.8951610645850339
AFT-Net (I),T2w on 1.5T,16x,0.7665048108078029
AFT-Net (I),T2w on 1.5T,16x,0.8400774246217863
AFT-Net (I),T2w on 3T,2x,0.9574269239208788
AFT-Net (I),T2w on 3T,2x,0.9530772913635304
AFT-Net (I),T2w on 3T,2x,0.9663925111016084
AFT-Net (I),T2w on 3T,2x,0.9723346688569235
AFT-Net (I),T2w on 3T,2x,0.9410665671632368
AFT-Net (I),T2w on 3T,2x,0.9609594544374916
AFT-Net (I),T2w on 3T,2x,0.9505739903681668
AFT-Net (I),T2w on 3T,2x,0.9491939756099704
AFT-Net (I),T2w on 3T,2x,0.9249979785095244
AFT-Net (I),T2w on 3T,2x,0.9589091257865744
AFT-Net (I),T2w on 3T,2x,0.9517873619755836
AFT-Net (I),T2w on 3T,2x,0.9642670105576542
AFT-Net (I),T2w on 3T,2x,0.9647593366223932
AFT-Net (I),T2w on 3T,2x,0.9676563742450514
AFT-Net (I),T2w on 3T,2x,0.9681755786348336
AFT-Net (I),T2w on 3T,2x,0.976906307778296
AFT-Net (I),T2w on 3T,2x,0.9632828772032256
AFT-Net (I),T2w on 3T,2x,0.9582275406416524
AFT-Net (I),T2w on 3T,4x,0.9219356322487696
AFT-Net (I),T2w on 3T,4x,0.9306168304302256
AFT-Net (I),T2w on 3T,4x,0.9350968391428282
AFT-Net (I),T2w on 3T,4x,0.947146603415324
AFT-Net (I),T2w on 3T,4x,0.9295912713872811
AFT-Net (I),T2w on 3T,4x,0.9491972366034228
AFT-Net (I),T2w on 3T,4x,0.941763285600628
AFT-Net (I),T2w on 3T,4x,0.9428915718838192
AFT-Net (I),T2w on 3T,4x,0.9118078234543256
AFT-Net (I),T2w on 3T,4x,0.9495393354871776
AFT-Net (I),T2w on 3T,4x,0.9441534809985016
AFT-Net (I),T2w on 3T,4x,0.9562875737507396
AFT-Net (I),T2w on 3T,4x,0.9406221082079927
AFT-Net (I),T2w on 3T,4x,0.9640677510877024
AFT-Net (I),T2w on 3T,4x,0.9436521666908546
AFT-Net (I),T2w on 3T,4x,0.955790668022534
AFT-Net (I),T2w on 3T,4x,0.9573734933134316
AFT-Net (I),T2w on 3T,4x,0.9488580105662396
AFT-Net (I),T2w on 3T,8x,0.8648892789299893
AFT-Net (I),T2w on 3T,8x,0.8982050453859343
AFT-Net (I),T2w on 3T,8x,0.884618733155922
AFT-Net (I),T2w on 3T,8x,0.9085386783811298
AFT-Net (I),T2w on 3T,8x,0.9091121084347232
AFT-Net (I),T2w on 3T,8x,0.9280745521616734
AFT-Net (I),T2w on 3T,8x,0.9248112771637482
AFT-Net (I),T2w on 3T,8x,0.9282390330640437
AFT-Net (I),T2w on 3T,8x,0.8922757640034193
AFT-Net (I),T2w on 3T,8x,0.9298577426589464
AFT-Net (I),T2w on 3T,8x,0.928278073265852
AFT-Net (I),T2w on 3T,8x,0.935672896957415
AFT-Net (I),T2w on 3T,8x,0.889795142548106
AFT-Net (I),T2w on 3T,8x,0.9530258692274552
AFT-Net (I),T2w on 3T,8x,0.8926624926637026
AFT-Net (I),T2w on 3T,8x,0.9057864346128068
AFT-Net (I),T2w on 3T,8x,0.941611421708776
AFT-Net (I),T2w on 3T,8x,0.9309765210334002
AFT-Net (I),T2w on 3T,16x,0.7947621421055447
AFT-Net (I),T2w on 3T,16x,0.8512680526392893
AFT-Net (I),T2w on 3T,16x,0.8271094489153515
AFT-Net (I),T2w on 3T,16x,0.8402544807879743
AFT-Net (I),T2w on 3T,16x,0.8748032790213519
AFT-Net (I),T2w on 3T,16x,0.9008114010339798
AFT-Net (I),T2w on 3T,16x,0.8998615009329035
AFT-Net (I),T2w on 3T,16x,0.9088082981235096
AFT-Net (I),T2w on 3T,16x,0.8662102146677813
AFT-Net (I),T2w on 3T,16x,0.9008314293074804
AFT-Net (I),T2w on 3T,16x,0.90700283504647
AFT-Net (I),T2w on 3T,16x,0.9086855809180286
AFT-Net (I),T2w on 3T,16x,0.8169015309117673
AFT-Net (I),T2w on 3T,16x,0.9367202140867644
AFT-Net (I),T2w on 3T,16x,0.8204257690470106
AFT-Net (I),T2w on 3T,16x,0.8416224648438351
AFT-Net (I),T2w on 3T,16x,0.923447745026714
AFT-Net (I),T2w on 3T,16x,0.9119634055269524
AFT-Net (I),T1w on 3T,2x,0.9775138694549146
AFT-Net (I),T1w on 3T,2x,0.9638008528329154
AFT-Net (I),T1w on 3T,2x,0.9523762784517154
AFT-Net (I),T1w on 3T,2x,0.9706697269810856
AFT-Net (I),T1w on 3T,2x,0.9722795649856316
AFT-Net (I),T1w on 3T,2x,0.9751385746405168
AFT-Net (I),T1w on 3T,2x,0.9648545112255996
AFT-Net (I),T1w on 3T,2x,0.9668518617264952
AFT-Net (I),T1w on 3T,2x,0.9403596908362574
AFT-Net (I),T1w on 3T,2x,0.9341287587846184
AFT-Net (I),T1w on 3T,2x,0.9760823404223008
AFT-Net (I),T1w on 3T,2x,0.9646873428441513
AFT-Net (I),T1w on 3T,2x,0.9605645598342206
AFT-Net (I),T1w on 3T,2x,0.9710436660887076
AFT-Net (I),T1w on 3T,4x,0.957925272346369
AFT-Net (I),T1w on 3T,4x,0.944060215237673
AFT-Net (I),T1w on 3T,4x,0.9476718516958412
AFT-Net (I),T1w on 3T,4x,0.9438828473082164
AFT-Net (I),T1w on 3T,4x,0.9517235260934452
AFT-Net (I),T1w on 3T,4x,0.9537996493578458
AFT-Net (I),T1w on 3T,4x,0.9311513160411852
AFT-Net (I),T1w on 3T,4x,0.9453532534724712
AFT-Net (I),T1w on 3T,4x,0.9319450105614944
AFT-Net (I),T1w on 3T,4x,0.9224518610111958
AFT-Net (I),T1w on 3T,4x,0.9501659556674452
AFT-Net (I),T1w on 3T,4x,0.9544283729713732
AFT-Net (I),T1w on 3T,4x,0.9526216719987056
AFT-Net (I),T1w on 3T,4x,0.9463334739258336
AFT-Net (I),T1w on 3T,8x,0.9140867605388524
AFT-Net (I),T1w on 3T,8x,0.901213718868902
AFT-Net (I),T1w on 3T,8x,0.9381911669288144
AFT-Net (I),T1w on 3T,8x,0.8861281788600172
AFT-Net (I),T1w on 3T,8x,0.9098505429198132
AFT-Net (I),T1w on 3T,8x,0.9114853125944924
AFT-Net (I),T1w on 3T,8x,0.8779572421544564
AFT-Net (I),T1w on 3T,8x,0.9022846010221008
AFT-Net (I),T1w on 3T,8x,0.9196523591840992
AFT-Net (I),T1w on 3T,8x,0.9048551064905174
AFT-Net (I),T1w on 3T,8x,0.8962498498612052
AFT-Net (I),T1w on 3T,8x,0.9327229951304672
AFT-Net (I),T1w on 3T,8x,0.9383787226209
AFT-Net (I),T1w on 3T,8x,0.8974800757730556
AFT-Net (I),T1w on 3T,16x,0.8320660497627476
AFT-Net (I),T1w on 3T,16x,0.8049327628341973
AFT-Net (I),T1w on 3T,16x,0.9247073062640652
AFT-Net (I),T1w on 3T,16x,0.8015515721605911
AFT-Net (I),T1w on 3T,16x,0.8521079190732586
AFT-Net (I),T1w on 3T,16x,0.8450958642211671
AFT-Net (I),T1w on 3T,16x,0.8162689159559128
AFT-Net (I),T1w on 3T,16x,0.8357185713682992
AFT-Net (I),T1w on 3T,16x,0.8994275538897711
AFT-Net (I),T1w on 3T,16x,0.8748982493381378
AFT-Net (I),T1w on 3T,16x,0.8175769744523856
AFT-Net (I),T1w on 3T,16x,0.904884325321044
AFT-Net (I),T1w on 3T,16x,0.912720492666223
AFT-Net (I),T1w on 3T,16x,0.8355791609467527
AFT-Net (K),T2w on 1.5T,2x,0.9783403824252488
AFT-Net (K),T2w on 1.5T,2x,0.9777499884677024
AFT-Net (K),T2w on 1.5T,2x,0.9762292235356532
AFT-Net (K),T2w on 1.5T,2x,0.956356352275207
AFT-Net (K),T2w on 1.5T,2x,0.96949994906612
AFT-Net (K),T2w on 1.5T,2x,0.9703758020506464
AFT-Net (K),T2w on 1.5T,2x,0.9300491071153764
AFT-Net (K),T2w on 1.5T,2x,0.9782648080695382
AFT-Net (K),T2w on 1.5T,2x,0.9709951622276808
AFT-Net (K),T2w on 1.5T,2x,0.9741250315180744
AFT-Net (K),T2w on 1.5T,2x,0.981487759742202
AFT-Net (K),T2w on 1.5T,2x,0.9844947730573076
AFT-Net (K),T2w on 1.5T,2x,0.9732884540423324
AFT-Net (K),T2w on 1.5T,2x,0.9744082506742664
AFT-Net (K),T2w on 1.5T,2x,0.97474143092266
AFT-Net (K),T2w on 1.5T,2x,0.9783534812014206
AFT-Net (K),T2w on 1.5T,2x,0.975247861451699
AFT-Net (K),T2w on 1.5T,2x,0.9810465511175012
AFT-Net (K),T2w on 1.5T,2x,0.9759542740952628
AFT-Net (K),T2w on 1.5T,2x,0.9794068355323478
AFT-Net (K),T2w on 1.5T,2x,0.9827720498546112
AFT-Net (K),T2w on 1.5T,2x,0.9795113946549808
AFT-Net (K),T2w on 1.5T,2x,0.975714095038858
AFT-Net (K),T2w on 1.5T,2x,0.9805888792444278
AFT-Net (K),T2w on 1.5T,2x,0.9786710039024932
AFT-Net (K),T2w on 1.5T,2x,0.9673314585002104
AFT-Net (K),T2w on 1.5T,2x,0.9746607257541128
AFT-Net (K),T2w on 1.5T,2x,0.9462823843063723
AFT-Net (K),T2w on 1.5T,2x,0.977772261394427
AFT-Net (K),T2w on 1.5T,2x,0.9725084403602088
AFT-Net (K),T2w on 1.5T,2x,0.9638486664214566
AFT-Net (K),T2w on 1.5T,2x,0.95479086291849
AFT-Net (K),T2w on 1.5T,2x,0.9627676046618896
AFT-Net (K),T2w on 1.5T,2x,0.9630777040524467
AFT-Net (K),T2w on 1.5T,2x,0.9649526416658408
AFT-Net (K),T2w on 1.5T,2x,0.9441850426465312
AFT-Net (K),T2w on 1.5T,2x,0.95865861236561
AFT-Net (K),T2w on 1.5T,2x,0.9514678040668878
AFT-Net (K),T2w on 1.5T,2x,0.9593431202056212
AFT-Net (K),T2w on 1.5T,2x,0.9615604581219632
AFT-Net (K),T2w on 1.5T,2x,0.9658172609948724
AFT-Net (K),T2w on 1.5T,2x,0.9536967077318548
AFT-Net (K),T2w on 1.5T,2x,0.9648931636357444
AFT-Net (K),T2w on 1.5T,2x,0.9503392454681404
AFT-Net (K),T2w on 1.5T,2x,0.971220665437064
AFT-Net (K),T2w on 1.5T,2x,0.9772325649405804
AFT-Net (K),T2w on 1.5T,2x,0.9476864157003732
AFT-Net (K),T2w on 1.5T,2x,0.956816200154385
AFT-Net (K),T2w on 1.5T,2x,0.9591929666678972
AFT-Net (K),T2w on 1.5T,2x,0.9437604259285364
AFT-Net (K),T2w on 1.5T,2x,0.9696042745952836
AFT-Net (K),T2w on 1.5T,2x,0.9706697102436368
AFT-Net (K),T2w on 1.5T,2x,0.967612503061264
AFT-Net (K),T2w on 1.5T,2x,0.9757128060287588
AFT-Net (K),T2w on 1.5T,2x,0.968221227148288
AFT-Net (K),T2w on 1.5T,2x,0.9698792592099156
AFT-Net (K),T2w on 1.5T,2x,0.9592075611506552
AFT-Net (K),T2w on 1.5T,2x,0.9778061457715852
AFT-Net (K),T2w on 1.5T,2x,0.9748586120984682
AFT-Net (K),T2w on 1.5T,2x,0.9697105770341564
AFT-Net (K),T2w on 1.5T,2x,0.9611709073502824
AFT-Net (K),T2w on 1.5T,2x,0.9696726513230928
AFT-Net (K),T2w on 1.5T,2x,0.9531305000410456
AFT-Net (K),T2w on 1.5T,2x,0.9589357965946608
AFT-Net (K),T2w on 1.5T,2x,0.971912789613564
AFT-Net (K),T2w on 1.5T,2x,0.9630787073934358
AFT-Net (K),T2w on 1.5T,2x,0.9695090572697262
AFT-Net (K),T2w on 1.5T,2x,0.9768826521171898
AFT-Net (K),T2w on 1.5T,4x,0.9469181732526392
AFT-Net (K),T2w on 1.5T,4x,0.9482533980952244
AFT-Net (K),T2w on 1.5T,4x,0.9492684189979192
AFT-Net (K),T2w on 1.5T,4x,0.941518419567004
AFT-Net (K),T2w on 1.5T,4x,0.9322094358312482
AFT-Net (K),T2w on 1.5T,4x,0.9572580090428688
AFT-Net (K),T2w on 1.5T,4x,0.9069629817657148
AFT-Net (K),T2w on 1.5T,4x,0.9438741221363454
AFT-Net (K),T2w on 1.5T,4x,0.9550121498656696
AFT-Net (K),T2w on 1.5T,4x,0.9478223932378343
AFT-Net (K),T2w on 1.5T,4x,0.9507763724294492
AFT-Net (K),T2w on 1.5T,4x,0.961557348661709
AFT-Net (K),T2w on 1.5T,4x,0.9540688577629266
AFT-Net (K),T2w on 1.5T,4x,0.9558106492652876
AFT-Net (K),T2w on 1.5T,4x,0.956781019804228
AFT-Net (K),T2w on 1.5T,4x,0.9572080305377748
AFT-Net (K),T2w on 1.5T,4x,0.9449344658633564
AFT-Net (K),T2w on 1.5T,4x,0.9499378255480632
AFT-Net (K),T2w on 1.5T,4x,0.9631114955892576
AFT-Net (K),T2w on 1.5T,4x,0.95525787783278
AFT-Net (K),T2w on 1.5T,4x,0.9574083783247128
AFT-Net (K),T2w on 1.5T,4x,0.9520384393414688
AFT-Net (K),T2w on 1.5T,4x,0.95611621321192
AFT-Net (K),T2w on 1.5T,4x,0.9538176285092834
AFT-Net (K),T2w on 1.5T,4x,0.9534063214949916
AFT-Net (K),T2w on 1.5T,4x,0.9479684278351552
AFT-Net (K),T2w on 1.5T,4x,0.9383355613949772
AFT-Net (K),T2w on 1.5T,4x,0.919716032904455
AFT-Net (K),T2w on 1.5T,4x,0.9215463285352246
AFT-Net (K),T2w on 1.5T,4x,0.927256075038688
AFT-Net (K),T2w on 1.5T,4x,0.9489513381318888
AFT-Net (K),T2w on 1.5T,4x,0.9341473722957904
AFT-Net (K),T2w on 1.5T,4x,0.94160666893968
AFT-Net (K),T2w on 1.5T,4x,0.9392842587206728
AFT-Net (K),T2w on 1.5T,4x,0.9466895651071116
AFT-Net (K),T2w on 1.5T,4x,0.907854605667892
AFT-Net (K),T2w on 1.5T,4x,0.940236795813564
AFT-Net (K),T2w on 1.5T,4x,0.9295417136440514
AFT-Net (K),T2w on 1.5T,4x,0.9330705771693548
AFT-Net (K),T2w on 1.5T,4x,0.9380460769867702
AFT-Net (K),T2w on 1.5T,4x,0.9411279358543048
AFT-Net (K),T2w on 1.5T,4x,0.9332083668341448
AFT-Net (K),T2w on 1.5T,4x,0.9489541500830668
AFT-Net (K),T2w on 1.5T,4x,0.9297906896684488
AFT-Net (K),T2w on 1.5T,4x,0.9292033703618776
AFT-Net (K),T2w on 1.5T,4x,0.9389094455083749
AFT-Net (K),T2w on 1.5T,4x,0.9245394608228488
AFT-Net (K),T2w on 1.5T,4x,0.9346655777581184
AFT-Net (K),T2w on 1.5T,4x,0.9359538746944482
AFT-Net (K),T2w on 1.5T,4x,0.9214660662846462
AFT-Net (K),T2w on 1.5T,4x,0.951493462605421
AFT-Net (K),T2w on 1.5T,4x,0.9245337357642224
AFT-Net (K),T2w on 1.5T,4x,0.9462246889408914
AFT-Net (K),T2w on 1.5T,4x,0.927518989039286
AFT-Net (K),T2w on 1.5T,4x,0.9314172668542602
AFT-Net (K),T2w on 1.5T,4x,0.9491970021646956
AFT-Net (K),T2w on 1.5T,4x,0.9424837485769344
AFT-Net (K),T2w on 1.5T,4x,0.9357910849894642
AFT-Net (K),T2w on 1.5T,4x,0.9350792928341112
AFT-Net (K),T2w on 1.5T,4x,0.9358031892434882
AFT-Net (K),T2w on 1.5T,4x,0.9395218840942472
AFT-Net (K),T2w on 1.5T,4x,0.933487086226808
AFT-Net (K),T2w on 1.5T,4x,0.9085134104750028
AFT-Net (K),T2w on 1.5T,4x,0.941922904314949
AFT-Net (K),T2w on 1.5T,4x,0.9518088500992634
AFT-Net (K),T2w on 1.5T,4x,0.937869057685592
AFT-Net (K),T2w on 1.5T,4x,0.9250749696163136
AFT-Net (K),T2w on 1.5T,4x,0.9369538435311294
AFT-Net (K),T2w on 1.5T,8x,0.8697272573648188
AFT-Net (K),T2w on 1.5T,8x,0.8802375783248123
AFT-Net (K),T2w on 1.5T,8x,0.8840190292643633
AFT-Net (K),T2w on 1.5T,8x,0.9078598739404048
AFT-Net (K),T2w on 1.5T,8x,0.8405205340374324
AFT-Net (K),T2w on 1.5T,8x,0.9279015573161532
AFT-Net (K),T2w on 1.5T,8x,0.8763402855088024
AFT-Net (K),T2w on 1.5T,8x,0.847792717982102
AFT-Net (K),T2w on 1.5T,8x,0.9213280459149478
AFT-Net (K),T2w on 1.5T,8x,0.8722586267806961
AFT-Net (K),T2w on 1.5T,8x,0.8800478856435053
AFT-Net (K),T2w on 1.5T,8x,0.8897063032711683
AFT-Net (K),T2w on 1.5T,8x,0.9158222973175002
AFT-Net (K),T2w on 1.5T,8x,0.9137168710897572
AFT-Net (K),T2w on 1.5T,8x,0.9118219726749154
AFT-Net (K),T2w on 1.5T,8x,0.8957869657389104
AFT-Net (K),T2w on 1.5T,8x,0.87992465217681
AFT-Net (K),T2w on 1.5T,8x,0.876298648279618
AFT-Net (K),T2w on 1.5T,8x,0.9268176105402418
AFT-Net (K),T2w on 1.5T,8x,0.8956345950424816
AFT-Net (K),T2w on 1.5T,8x,0.8869343317801821
AFT-Net (K),T2w on 1.5T,8x,0.8806758001557856
AFT-Net (K),T2w on 1.5T,8x,0.9151804539820008
AFT-Net (K),T2w on 1.5T,8x,0.881358924387933
AFT-Net (K),T2w on 1.5T,8x,0.8844155526792251
AFT-Net (K),T2w on 1.5T,8x,0.9160984901195014
AFT-Net (K),T2w on 1.5T,8x,0.8489608554461613
AFT-Net (K),T2w on 1.5T,8x,0.8710466672111861
AFT-Net (K),T2w on 1.5T,8x,0.8256851475151522
AFT-Net (K),T2w on 1.5T,8x,0.8314601327978951
AFT-Net (K),T2w on 1.5T,8x,0.9193952625702158
AFT-Net (K),T2w on 1.5T,8x,0.9035073082361867
AFT-Net (K),T2w on 1.5T,8x,0.8921581774210726
AFT-Net (K),T2w on 1.5T,8x,0.888594465082883
AFT-Net (K),T2w on 1.5T,8x,0.9132203266689678
AFT-Net (K),T2w on 1.5T,8x,0.850166140864972
AFT-Net (K),T2w on 1.5T,8x,0.9029891528869328
AFT-Net (K),T2w on 1.5T,8x,0.8939967095632206
AFT-Net (K),T2w on 1.5T,8x,0.8799052527824006
AFT-Net (K),T2w on 1.5T,8x,0.8978759284784916
AFT-Net (K),T2w on 1.5T,8x,0.8948813356528953
AFT-Net (K),T2w on 1.5T,8x,0.8933488648993254
AFT-Net (K),T2w on 1.5T,8x,0.920826083656762
AFT-Net (K),T2w on 1.5T,8x,0.8954253850434057
AFT-Net (K),T2w on 1.5T,8x,0.8429404239296887
AFT-Net (K),T2w on 1.5T,8x,0.8449888246081989
AFT-Net (K),T2w on 1.5T,8x,0.8807153666864298
AFT-Net (K),T2w on 1.5T,8x,0.8956180335545262
AFT-Net (K),T2w on 1.5T,8x,0.887533363729371
AFT-Net (K),T2w on 1.5T,8x,0.8929821898453529
AFT-Net (K),T2w on 1.5T,8x,0.9183005595737828
AFT-Net (K),T2w on 1.5T,8x,0.8305056141452183
AFT-Net (K),T2w on 1.5T,8x,0.902267502048934
AFT-Net (K),T2w on 1.5T,8x,0.8377584649523175
AFT-Net (K),T2w on 1.5T,8x,0.8544943836832039
AFT-Net (K),T2w on 1.5T,8x,0.9126713744088278
AFT-Net (K),T2w on 1.5T,8x,0.906830440078222
AFT-Net (K),T2w on 1.5T,8x,0.8474940386202366
AFT-Net (K),T2w on 1.5T,8x,0.8464967278906919
AFT-Net (K),T2w on 1.5T,8x,0.8577896467814478
AFT-Net (K),T2w on 1.5T,8x,0.9043047955167663
AFT-Net (K),T2w on 1.5T,8x,0.8531431993976024
AFT-Net (K),T2w on 1.5T,8x,0.8047152048173609
AFT-Net (K),T2w on 1.5T,8x,0.9092380718505084
AFT-Net (K),T2w on 1.5T,8x,0.9176593000346834
AFT-Net (K),T2w on 1.5T,8x,0.8933911532482978
AFT-Net (K),T2w on 1.5T,8x,0.8305914463236057
AFT-Net (K),T2w on 1.5T,8x,0.8556830735081861
AFT-Net (K),T2w on 1.5T,16x,0.6788699104025975
AFT-Net (K),T2w on 1.5T,16x,0.7292105032360624
AFT-Net (K),T2w on 1.5T,16x,0.7306276952829537
AFT-Net (K),T2w on 1.5T,16x,0.8172733301329203
AFT-Net (K),T2w on 1.5T,16x,0.6661982669991277
AFT-Net (K),T2w on 1.5T,16x,0.8798169544533601
AFT-Net (K),T2w on 1.5T,16x,0.7868841237627342
AFT-Net (K),T2w on 1.5T,16x,0.6839686991257183
AFT-Net (K),T2w on 1.5T,16x,0.8702911171193499
AFT-Net (K),T2w on 1.5T,16x,0.7075740784277168
AFT-Net (K),T2w on 1.5T,16x,0.7524319945998194
AFT-Net (K),T2w on 1.5T,16x,0.7411454727606883
AFT-Net (K),T2w on 1.5T,16x,0.8541631154529216
AFT-Net (K),T2w on 1.5T,16x,0.8463268942825355
AFT-Net (K),T2w on 1.5T,16x,0.8453649069990535
AFT-Net (K),T2w on 1.5T,16x,0.7835235556040886
AFT-Net (K),T2w on 1.5T,16x,0.7983244991022159
AFT-Net (K),T2w on 1.5T,16x,0.7421387620305504
AFT-Net (K),T2w on 1.5T,16x,0.8581419556219004
AFT-Net (K),T2w on 1.5T,16x,0.7274436954404863
AFT-Net (K),T2w on 1.5T,16x,0.7467438496451675
AFT-Net (K),T2w on 1.5T,16x,0.7355337085497342
AFT-Net (K),T2w on 1.5T,16x,0.8403520367839874
AFT-Net (K),T2w on 1.5T,16x,0.7586991719343507
AFT-Net (K),T2w on 1.5T,16x,0.7437998410773684
AFT-Net (K),T2w on 1.5T,16x,0.8766294068014019
AFT-Net (K),T2w on 1.5T,16x,0.7107173760485795
AFT-Net (K),T2w on 1.5T,16x,0.7721845712307751
AFT-Net (K),T2w on 1.5T,16x,0.6939491577781309
AFT-Net (K),T2w on 1.5T,16x,0.6728412358550764
AFT-Net (K),T2w on 1.5T,16x,0.8842915271595025
AFT-Net (K),T2w on 1.5T,16x,0.8649454785343916
AFT-Net (K),T2w on 1.5T,16x,0.8244508848794749
AFT-Net (K),T2w on 1.5T,16x,0.8170863763908808
AFT-Net (K),T2w on 1.5T,16x,0.8697793452547441
AFT-Net (K),T2w on 1.5T,16x,0.7688377952735289
AFT-Net (K),T2w on 1.5T,16x,0.8154170002550023
AFT-Net (K),T2w on 1.5T,16x,0.8349083349428044
AFT-Net (K),T2w on 1.5T,16x,0.7938334522602246
AFT-Net (K),T2w on 1.5T,16x,0.83969821541014
AFT-Net (K),T2w on 1.5T,16x,0.8364332333902988
AFT-Net (K),T2w on 1.5T,16x,0.8399955550088222
AFT-Net (K),T2w on 1.5T,16x,0.8814381042740146
AFT-Net (K),T2w on 1.5T,16x,0.8464595302961605
AFT-Net (K),T2w on 1.5T,16x,0.6790558938991993
AFT-Net (K),T2w on 1.5T,16x,0.7208228081251896
AFT-Net (K),T2w on 1.5T,16x,0.8174693648670254
AFT-Net (K),T2w on 1.5T,16x,0.8514597379649963
AFT-Net (K),T2w on 1.5T,16x,0.8271765087263391
AFT-Net (K),T2w on 1.5T,16x,0.8376092388598413
AFT-Net (K),T2w on 1.5T,16x,0.8722017737312793
AFT-Net (K),T2w on 1.5T,16x,0.6996354460837547
AFT-Net (K),T2w on 1.5T,16x,0.8297803806068019
AFT-Net (K),T2w on 1.5T,16x,0.7079970364094602
AFT-Net (K),T2w on 1.5T,16x,0.7322652358352378
AFT-Net (K),T2w on 1.5T,16x,0.8752522725994822
AFT-Net (K),T2w on 1.5T,16x,0.8640173984039075
AFT-Net (K),T2w on 1.5T,16x,0.673659186883397
AFT-Net (K),T2w on 1.5T,16x,0.6279700384943154
AFT-Net (K),T2w on 1.5T,16x,0.7592090396800278
AFT-Net (K),T2w on 1.5T,16x,0.8559855446901851
AFT-Net (K),T2w on 1.5T,16x,0.7100698340964859
AFT-Net (K),T2w on 1.5T,16x,0.6821452472055308
AFT-Net (K),T2w on 1.5T,16x,0.8683482947689681
AFT-Net (K),T2w on 1.5T,16x,0.8817636545953145
AFT-Net (K),T2w on 1.5T,16x,0.8432347415760009
AFT-Net (K),T2w on 1.5T,16x,0.6863731311622204
AFT-Net (K),T2w on 1.5T,16x,0.6787320621132489
AFT-Net (K),T2w on 3T,2x,0.9669241263393386
AFT-Net (K),T2w on 3T,2x,0.9598441147889752
AFT-Net (K),T2w on 3T,2x,0.9736551203039406
AFT-Net (K),T2w on 3T,2x,0.9779872716982032
AFT-Net (K),T2w on 3T,2x,0.9508478261308452
AFT-Net (K),T2w on 3T,2x,0.9675744414361224
AFT-Net (K),T2w on 3T,2x,0.9567470773826388
AFT-Net (K),T2w on 3T,2x,0.9524486009648244
AFT-Net (K),T2w on 3T,2x,0.9399924986218507
AFT-Net (K),T2w on 3T,2x,0.9625223158592968
AFT-Net (K),T2w on 3T,2x,0.9566511018868604
AFT-Net (K),T2w on 3T,2x,0.9675706925117196
AFT-Net (K),T2w on 3T,2x,0.9679596798631996
AFT-Net (K),T2w on 3T,2x,0.9706339028381016
AFT-Net (K),T2w on 3T,2x,0.9702991616463812
AFT-Net (K),T2w on 3T,2x,0.9783605882962896
AFT-Net (K),T2w on 3T,2x,0.969216019053011
AFT-Net (K),T2w on 3T,2x,0.9623878519858188
AFT-Net (K),T2w on 3T,4x,0.929002656969548
AFT-Net (K),T2w on 3T,4x,0.9405989685340164
AFT-Net (K),T2w on 3T,4x,0.94361631578987
AFT-Net (K),T2w on 3T,4x,0.9556102450061068
AFT-Net (K),T2w on 3T,4x,0.9313740663119172
AFT-Net (K),T2w on 3T,4x,0.9482616061231804
AFT-Net (K),T2w on 3T,4x,0.937702742394022
AFT-Net (K),T2w on 3T,4x,0.9332969192229686
AFT-Net (K),T2w on 3T,4x,0.913666584168878
AFT-Net (K),T2w on 3T,4x,0.9400734010238604
AFT-Net (K),T2w on 3T,4x,0.938617349591728
AFT-Net (K),T2w on 3T,4x,0.9470725551467786
AFT-Net (K),T2w on 3T,4x,0.9247033765771242
AFT-Net (K),T2w on 3T,4x,0.9486470734006768
AFT-Net (K),T2w on 3T,4x,0.929649443645702
AFT-Net (K),T2w on 3T,4x,0.9330421007938188
AFT-Net (K),T2w on 3T,4x,0.9505200016123274
AFT-Net (K),T2w on 3T,4x,0.9389511197259393
AFT-Net (K),T2w on 3T,8x,0.8531588406919013
AFT-Net (K),T2w on 3T,8x,0.8982061682065556
AFT-Net (K),T2w on 3T,8x,0.8706421159172015
AFT-Net (K),T2w on 3T,8x,0.894043015928472
AFT-Net (K),T2w on 3T,8x,0.8946686974238123
AFT-Net (K),T2w on 3T,8x,0.9128512019850954
AFT-Net (K),T2w on 3T,8x,0.908601823745865
AFT-Net (K),T2w on 3T,8x,0.9018118045548456
AFT-Net (K),T2w on 3T,8x,0.8745650758678646
AFT-Net (K),T2w on 3T,8x,0.8928571065489059
AFT-Net (K),T2w on 3T,8x,0.9075100347812356
AFT-Net (K),T2w on 3T,8x,0.9078683442927236
AFT-Net (K),T2w on 3T,8x,0.838322047304969
AFT-Net (K),T2w on 3T,8x,0.9162723365458324
AFT-Net (K),T2w on 3T,8x,0.8361105903831255
AFT-Net (K),T2w on 3T,8x,0.8341089029707964
AFT-Net (K),T2w on 3T,8x,0.916622986936936
AFT-Net (K),T2w on 3T,8x,0.8925427636588313
AFT-Net (K),T2w on 3T,16x,0.6911019797764509
AFT-Net (K),T2w on 3T,16x,0.8169520895200667
AFT-Net (K),T2w on 3T,16x,0.6905093538772323
AFT-Net (K),T2w on 3T,16x,0.6968509627875278
AFT-Net (K),T2w on 3T,16x,0.8405091350554623
AFT-Net (K),T2w on 3T,16x,0.8667372555995219
AFT-Net (K),T2w on 3T,16x,0.870541307652473
AFT-Net (K),T2w on 3T,16x,0.8463748629672152
AFT-Net (K),T2w on 3T,16x,0.8174831925241623
AFT-Net (K),T2w on 3T,16x,0.84228018928236
AFT-Net (K),T2w on 3T,16x,0.86529432325175
AFT-Net (K),T2w on 3T,16x,0.8664428651772884
AFT-Net (K),T2w on 3T,16x,0.6369588256060126
AFT-Net (K),T2w on 3T,16x,0.8761117597439811
AFT-Net (K),T2w on 3T,16x,0.6276641555242826
AFT-Net (K),T2w on 3T,16x,0.6920091335083576
AFT-Net (K),T2w on 3T,16x,0.8662473162310129
AFT-Net (K),T2w on 3T,16x,0.8241294137266991
AFT-Net (K),T1w on 3T,2x,0.9843944860661248
AFT-Net (K),T1w on 3T,2x,0.9728366390110212
AFT-Net (K),T1w on 3T,2x,0.9629894131716704
AFT-Net (K),T1w on 3T,2x,0.973566409091048
AFT-Net (K),T1w on 3T,2x,0.9753980900917044
AFT-Net (K),T1w on 3T,2x,0.9788692133336648
AFT-Net (K),T1w on 3T,2x,0.9702495288015762
AFT-Net (K),T1w on 3T,2x,0.9680764170991272
AFT-Net (K),T1w on 3T,2x,0.9486130202615264
AFT-Net (K),T1w on 3T,2x,0.9498951629560384
AFT-Net (K),T1w on 3T,2x,0.9793648828124628
AFT-Net (K),T1w on 3T,2x,0.967099191381399
AFT-Net (K),T1w on 3T,2x,0.9674270128474456
AFT-Net (K),T1w on 3T,2x,0.9735591817215042
AFT-Net (K),T1w on 3T,4x,0.9572226156158454
AFT-Net (K),T1w on 3T,4x,0.9367942788450572
AFT-Net (K),T1w on 3T,4x,0.9483074606743372
AFT-Net (K),T1w on 3T,4x,0.934100570711597
AFT-Net (K),T1w on 3T,4x,0.935445425927295
AFT-Net (K),T1w on 3T,4x,0.9388000872027632
AFT-Net (K),T1w on 3T,4x,0.923145432751158
AFT-Net (K),T1w on 3T,4x,0.9293032664760406
AFT-Net (K),T1w on 3T,4x,0.9310405340561634
AFT-Net (K),T1w on 3T,4x,0.9306742651418964
AFT-Net (K),T1w on 3T,4x,0.9399151476236156
AFT-Net (K),T1w on 3T,4x,0.9417520131028888
AFT-Net (K),T1w on 3T,4x,0.9509480325328136
AFT-Net (K),T1w on 3T,4x,0.9282912026908412
AFT-Net (K),T1w on 3T,8x,0.8780714462074558
AFT-Net (K),T1w on 3T,8x,0.8676970063127778
AFT-Net (K),T1w on 3T,8x,0.9225300093611746
AFT-Net (K),T1w on 3T,8x,0.8428406305980343
AFT-Net (K),T1w on 3T,8x,0.8422297713252649
AFT-Net (K),T1w on 3T,8x,0.8472943392813594
AFT-Net (K),T1w on 3T,8x,0.8273024188786681
AFT-Net (K),T1w on 3T,8x,0.8401174980796321
AFT-Net (K),T1w on 3T,8x,0.9056378153700204
AFT-Net (K),T1w on 3T,8x,0.9018194723409984
AFT-Net (K),T1w on 3T,8x,0.8355850147732602
AFT-Net (K),T1w on 3T,8x,0.8880293635883973
AFT-Net (K),T1w on 3T,8x,0.917617785047542
AFT-Net (K),T1w on 3T,8x,0.8354837319616503
AFT-Net (K),T1w on 3T,16x,0.7366998792715609
AFT-Net (K),T1w on 3T,16x,0.7475212180086461
AFT-Net (K),T1w on 3T,16x,0.8862393160400749
AFT-Net (K),T1w on 3T,16x,0.7067309361063243
AFT-Net (K),T1w on 3T,16x,0.6879209765907064
AFT-Net (K),T1w on 3T,16x,0.6868087847833348
AFT-Net (K),T1w on 3T,16x,0.7044166975309026
AFT-Net (K),T1w on 3T,16x,0.6626841787084884
AFT-Net (K),T1w on 3T,16x,0.8558992242471865
AFT-Net (K),T1w on 3T,16x,0.8642267133675966
AFT-Net (K),T1w on 3T,16x,0.6851616581192499
AFT-Net (K),T1w on 3T,16x,0.8210106855632959
AFT-Net (K),T1w on 3T,16x,0.8576994122268659
AFT-Net (K),T1w on 3T,16x,0.6746715656801082
AFT-Net (KI),T2w on 1.5T,2x,0.9786992460484129
AFT-Net (KI),T2w on 1.5T,2x,0.978147646881358
AFT-Net (KI),T2w on 1.5T,2x,0.9767296482154544
AFT-Net (KI),T2w on 1.5T,2x,0.9582067664178132
AFT-Net (KI),T2w on 1.5T,2x,0.9699037455656682
AFT-Net (KI),T2w on 1.5T,2x,0.9692027927637272
AFT-Net (KI),T2w on 1.5T,2x,0.9319934624562104
AFT-Net (KI),T2w on 1.5T,2x,0.9786912690311936
AFT-Net (KI),T2w on 1.5T,2x,0.9709431185698426
AFT-Net (KI),T2w on 1.5T,2x,0.9748185189762488
AFT-Net (KI),T2w on 1.5T,2x,0.9777564017089004
AFT-Net (KI),T2w on 1.5T,2x,0.9855769799490478
AFT-Net (KI),T2w on 1.5T,2x,0.972938274719835
AFT-Net (KI),T2w on 1.5T,2x,0.9713147838968422
AFT-Net (KI),T2w on 1.5T,2x,0.9761964559241216
AFT-Net (KI),T2w on 1.5T,2x,0.9782147588293396
AFT-Net (KI),T2w on 1.5T,2x,0.9781926385469084
AFT-Net (KI),T2w on 1.5T,2x,0.9832779714593668
AFT-Net (KI),T2w on 1.5T,2x,0.9726647559331414
AFT-Net (KI),T2w on 1.5T,2x,0.9810260996410513
AFT-Net (KI),T2w on 1.5T,2x,0.9839611317842604
AFT-Net (KI),T2w on 1.5T,2x,0.9798965228344074
AFT-Net (KI),T2w on 1.5T,2x,0.979978654622116
AFT-Net (KI),T2w on 1.5T,2x,0.9825529871140276
AFT-Net (KI),T2w on 1.5T,2x,0.9791033743134114
AFT-Net (KI),T2w on 1.5T,2x,0.9698065117567732
AFT-Net (KI),T2w on 1.5T,2x,0.9782794200164848
AFT-Net (KI),T2w on 1.5T,2x,0.9460144695372676
AFT-Net (KI),T2w on 1.5T,2x,0.9820567781291326
AFT-Net (KI),T2w on 1.5T,2x,0.9759142693510456
AFT-Net (KI),T2w on 1.5T,2x,0.9636122495518324
AFT-Net (KI),T2w on 1.5T,2x,0.948871146159002
AFT-Net (KI),T2w on 1.5T,2x,0.9617286873701476
AFT-Net (KI),T2w on 1.5T,2x,0.9648550618823356
AFT-Net (KI),T2w on 1.5T,2x,0.965658348769996
AFT-Net (KI),T2w on 1.5T,2x,0.9422600108026092
AFT-Net (KI),T2w on 1.5T,2x,0.9587960547572616
AFT-Net (KI),T2w on 1.5T,2x,0.94730682649443
AFT-Net (KI),T2w on 1.5T,2x,0.9608483815754366
AFT-Net (KI),T2w on 1.5T,2x,0.959181550611146
AFT-Net (KI),T2w on 1.5T,2x,0.9694073756612476
AFT-Net (KI),T2w on 1.5T,2x,0.9545811397893152
AFT-Net (KI),T2w on 1.5T,2x,0.9644420660324368
AFT-Net (KI),T2w on 1.5T,2x,0.9500976356140812
AFT-Net (KI),T2w on 1.5T,2x,0.9731543765216688
AFT-Net (KI),T2w on 1.5T,2x,0.9793632405186682
AFT-Net (KI),T2w on 1.5T,2x,0.948137902557354
AFT-Net (KI),T2w on 1.5T,2x,0.9529504651631072
AFT-Net (KI),T2w on 1.5T,2x,0.960379379850288
AFT-Net (KI),T2w on 1.5T,2x,0.9359523489621376
AFT-Net (KI),T2w on 1.5T,2x,0.9704469725653808
AFT-Net (KI),T2w on 1.5T,2x,0.974128924555668
AFT-Net (KI),T2w on 1.5T,2x,0.968785465353673
AFT-Net (KI),T2w on 1.5T,2x,0.9806206539098732
AFT-Net (KI),T2w on 1.5T,2x,0.971374606502588
AFT-Net (KI),T2w on 1.5T,2x,0.9722164585382892
AFT-Net (KI),T2w on 1.5T,2x,0.9571437149912988
AFT-Net (KI),T2w on 1.5T,2x,0.9800281031736444
AFT-Net (KI),T2w on 1.5T,2x,0.9770685134361834
AFT-Net (KI),T2w on 1.5T,2x,0.9760536164075198
AFT-Net (KI),T2w on 1.5T,2x,0.9601242716182834
AFT-Net (KI),T2w on 1.5T,2x,0.9712859164959808
AFT-Net (KI),T2w on 1.5T,2x,0.9311255106466432
AFT-Net (KI),T2w on 1.5T,2x,0.9585102346465862
AFT-Net (KI),T2w on 1.5T,2x,0.9733125911820368
AFT-Net (KI),T2w on 1.5T,2x,0.9647323987918548
AFT-Net (KI),T2w on 1.5T,2x,0.9697353240393982
AFT-Net (KI),T2w on 1.5T,2x,0.9797761284905768
AFT-Net (KI),T2w on 1.5T,4x,0.955120836714171
AFT-Net (KI),T2w on 1.5T,4x,0.95462766487799
AFT-Net (KI),T2w on 1.5T,4x,0.9563071014051469
AFT-Net (KI),T2w on 1.5T,4x,0.9474597965029358
AFT-Net (KI),T2w on 1.5T,4x,0.940920129445276
AFT-Net (KI),T2w on 1.5T,4x,0.961184518295062
AFT-Net (KI),T2w on 1.5T,4x,0.9151261912533782
AFT-Net (KI),T2w on 1.5T,4x,0.9506738121739612
AFT-Net (KI),T2w on 1.5T,4x,0.9606260860309752
AFT-Net (KI),T2w on 1.5T,4x,0.952730782713227
AFT-Net (KI),T2w on 1.5T,4x,0.9579527509508576
AFT-Net (KI),T2w on 1.5T,4x,0.9724416010679277
AFT-Net (KI),T2w on 1.5T,4x,0.9631019213209036
AFT-Net (KI),T2w on 1.5T,4x,0.9607646602968524
AFT-Net (KI),T2w on 1.5T,4x,0.9667663449253884
AFT-Net (KI),T2w on 1.5T,4x,0.9657413699347096
AFT-Net (KI),T2w on 1.5T,4x,0.96173385781062
AFT-Net (KI),T2w on 1.5T,4x,0.9670927929329812
AFT-Net (KI),T2w on 1.5T,4x,0.9665927185794292
AFT-Net (KI),T2w on 1.5T,4x,0.9667143922566908
AFT-Net (KI),T2w on 1.5T,4x,0.9691384483733154
AFT-Net (KI),T2w on 1.5T,4x,0.9640914676288422
AFT-Net (KI),T2w on 1.5T,4x,0.9695072135516916
AFT-Net (KI),T2w on 1.5T,4x,0.967990887528488
AFT-Net (KI),T2w on 1.5T,4x,0.9638776602800369
AFT-Net (KI),T2w on 1.5T,4x,0.9620672385633162
AFT-Net (KI),T2w on 1.5T,4x,0.959955406732224
AFT-Net (KI),T2w on 1.5T,4x,0.933461557050506
AFT-Net (KI),T2w on 1.5T,4x,0.9585102441846372
AFT-Net (KI),T2w on 1.5T,4x,0.9527464830390452
AFT-Net (KI),T2w on 1.5T,4x,0.9571596847431952
AFT-Net (KI),T2w on 1.5T,4x,0.9360347343841172
AFT-Net (KI),T2w on 1.5T,4x,0.95347183895178
AFT-Net (KI),T2w on 1.5T,4x,0.9554526690165424
AFT-Net (KI),T2w on 1.5T,4x,0.9588671706662923
AFT-Net (KI),T2w on 1.5T,4x,0.9271043575377784
AFT-Net (KI),T2w on 1.5T,4x,0.9506424650941288
AFT-Net (KI),T2w on 1.5T,4x,0.9378828347716256
AFT-Net (KI),T2w on 1.5T,4x,0.9509894567606796
AFT-Net (KI),T2w on 1.5T,4x,0.9472720190606102
AFT-Net (KI),T2w on 1.5T,4x,0.959425576934683
AFT-Net (KI),T2w on 1.5T,4x,0.94701581239216
AFT-Net (KI),T2w on 1.5T,4x,0.9568814550337476
AFT-Net (KI),T2w on 1.5T,4x,0.9414413088035868
AFT-Net (KI),T2w on 1.5T,4x,0.95047330975954
AFT-Net (KI),T2w on 1.5T,4x,0.9593664920171132
AFT-Net (KI),T2w on 1.5T,4x,0.9384292178029828
AFT-Net (KI),T2w on 1.5T,4x,0.9444898894137536
AFT-Net (KI),T2w on 1.5T,4x,0.9503297433124636
AFT-Net (KI),T2w on 1.5T,4x,0.9273149919724142
AFT-Net (KI),T2w on 1.5T,4x,0.9626493858931312
AFT-Net (KI),T2w on 1.5T,4x,0.9496298673928276
AFT-Net (KI),T2w on 1.5T,4x,0.9599551683320974
AFT-Net (KI),T2w on 1.5T,4x,0.9583257151024982
AFT-Net (KI),T2w on 1.5T,4x,0.9533707511032928
AFT-Net (KI),T2w on 1.5T,4x,0.9625696433214002
AFT-Net (KI),T2w on 1.5T,4x,0.9506620395682444
AFT-Net (KI),T2w on 1.5T,4x,0.9550095174656515
AFT-Net (KI),T2w on 1.5T,4x,0.954321810314386
AFT-Net (KI),T2w on 1.5T,4x,0.9614154687878722
AFT-Net (KI),T2w on 1.5T,4x,0.9506120504676616
AFT-Net (KI),T2w on 1.5T,4x,0.9543216441899728
AFT-Net (KI),T2w on 1.5T,4x,0.9090447027446348
AFT-Net (KI),T2w on 1.5T,4x,0.9519435671119348
AFT-Net (KI),T2w on 1.5T,4x,0.9639024433195168
AFT-Net (KI),T2w on 1.5T,4x,0.9503458712494576
AFT-Net (KI),T2w on 1.5T,4x,0.939880309169984
AFT-Net (KI),T2w on 1.5T,4x,0.9563474898956682
AFT-Net (KI),T2w on 1.5T,8x,0.913127804419334
AFT-Net (KI),T2w on 1.5T,8x,0.9134888286977936
AFT-Net (KI),T2w on 1.5T,8x,0.922876699544932
AFT-Net (KI),T2w on 1.5T,8x,0.930760312397995
AFT-Net (KI),T2w on 1.5T,8x,0.8998865743051315
AFT-Net (KI),T2w on 1.5T,8x,0.9484990224840296
AFT-Net (KI),T2w on 1.5T,8x,0.897064240159609
AFT-Net (KI),T2w on 1.5T,8x,0.8916756681854141
AFT-Net (KI),T2w on 1.5T,8x,0.9492728625754764
AFT-Net (KI),T2w on 1.5T,8x,0.9135329840947256
AFT-Net (KI),T2w on 1.5T,8x,0.9158019277394086
AFT-Net (KI),T2w on 1.5T,8x,0.9409855196971229
AFT-Net (KI),T2w on 1.5T,8x,0.943895548494494
AFT-Net (KI),T2w on 1.5T,8x,0.945322247155458
AFT-Net (KI),T2w on 1.5T,8x,0.9492859731448712
AFT-Net (KI),T2w on 1.5T,8x,0.9338811400880754
AFT-Net (KI),T2w on 1.5T,8x,0.933740984514716
AFT-Net (KI),T2w on 1.5T,8x,0.9301445461531896
AFT-Net (KI),T2w on 1.5T,8x,0.9528029798749048
AFT-Net (KI),T2w on 1.5T,8x,0.9320498420647632
AFT-Net (KI),T2w on 1.5T,8x,0.9337625185508188
AFT-Net (KI),T2w on 1.5T,8x,0.927915597829842
AFT-Net (KI),T2w on 1.5T,8x,0.9527380016592548
AFT-Net (KI),T2w on 1.5T,8x,0.9303282172631052
AFT-Net (KI),T2w on 1.5T,8x,0.9301951026707634
AFT-Net (KI),T2w on 1.5T,8x,0.9509807895226208
AFT-Net (KI),T2w on 1.5T,8x,0.9261650595601818
AFT-Net (KI),T2w on 1.5T,8x,0.9117047456939932
AFT-Net (KI),T2w on 1.5T,8x,0.911693665659284
AFT-Net (KI),T2w on 1.5T,8x,0.9090844177339208
AFT-Net (KI),T2w on 1.5T,8x,0.9462142295450008
AFT-Net (KI),T2w on 1.5T,8x,0.9123202288838744
AFT-Net (KI),T2w on 1.5T,8x,0.939525312000152
AFT-Net (KI),T2w on 1.5T,8x,0.9370692432064588
AFT-Net (KI),T2w on 1.5T,8x,0.9471641244411
AFT-Net (KI),T2w on 1.5T,8x,0.8984473824964072
AFT-Net (KI),T2w on 1.5T,8x,0.9368736082258384
AFT-Net (KI),T2w on 1.5T,8x,0.9210515442185118
AFT-Net (KI),T2w on 1.5T,8x,0.9297215513382914
AFT-Net (KI),T2w on 1.5T,8x,0.9275909635866304
AFT-Net (KI),T2w on 1.5T,8x,0.9435375847853512
AFT-Net (KI),T2w on 1.5T,8x,0.9328904441179364
AFT-Net (KI),T2w on 1.5T,8x,0.9438242918662112
AFT-Net (KI),T2w on 1.5T,8x,0.927474369700306
AFT-Net (KI),T2w on 1.5T,8x,0.9058033460133248
AFT-Net (KI),T2w on 1.5T,8x,0.9157027716061376
AFT-Net (KI),T2w on 1.5T,8x,0.921287180017128
AFT-Net (KI),T2w on 1.5T,8x,0.928489849880078
AFT-Net (KI),T2w on 1.5T,8x,0.9324322903759574
AFT-Net (KI),T2w on 1.5T,8x,0.9150782150422112
AFT-Net (KI),T2w on 1.5T,8x,0.9495911002713782
AFT-Net (KI),T2w on 1.5T,8x,0.9019978202529448
AFT-Net (KI),T2w on 1.5T,8x,0.9442315389849796
AFT-Net (KI),T2w on 1.5T,8x,0.91726207823846
AFT-Net (KI),T2w on 1.5T,8x,0.9165779825486348
AFT-Net (KI),T2w on 1.5T,8x,0.951751227140966
AFT-Net (KI),T2w on 1.5T,8x,0.9375672475703264
AFT-Net (KI),T2w on 1.5T,8x,0.91150291802649
AFT-Net (KI),T2w on 1.5T,8x,0.9083029543968042
AFT-Net (KI),T2w on 1.5T,8x,0.9306353577559132
AFT-Net (KI),T2w on 1.5T,8x,0.9328661343915274
AFT-Net (KI),T2w on 1.5T,8x,0.9207076205704526
AFT-Net (KI),T2w on 1.5T,8x,0.8634385868484181
AFT-Net (KI),T2w on 1.5T,8x,0.9409100168103114
AFT-Net (KI),T2w on 1.5T,8x,0.953214915060544
AFT-Net (KI),T2w on 1.5T,8x,0.92857287038845
AFT-Net (KI),T2w on 1.5T,8x,0.8787432601423782
AFT-Net (KI),T2w on 1.5T,8x,0.9143431575589508
AFT-Net (KI),T2w on 1.5T,16x,0.8554368869289672
AFT-Net (KI),T2w on 1.5T,16x,0.84560769294841
AFT-Net (KI),T2w on 1.5T,16x,0.867470630461339
AFT-Net (KI),T2w on 1.5T,16x,0.9071173227837542
AFT-Net (KI),T2w on 1.5T,16x,0.8238202121832833
AFT-Net (KI),T2w on 1.5T,16x,0.9257935147604072
AFT-Net (KI),T2w on 1.5T,16x,0.8607872822279449
AFT-Net (KI),T2w on 1.5T,16x,0.7949040204413459
AFT-Net (KI),T2w on 1.5T,16x,0.93139448402203
AFT-Net (KI),T2w on 1.5T,16x,0.8488241803948142
AFT-Net (KI),T2w on 1.5T,16x,0.8242597913111187
AFT-Net (KI),T2w on 1.5T,16x,0.8723345773395754
AFT-Net (KI),T2w on 1.5T,16x,0.9019617008012198
AFT-Net (KI),T2w on 1.5T,16x,0.9189142621596242
AFT-Net (KI),T2w on 1.5T,16x,0.9094925514273932
AFT-Net (KI),T2w on 1.5T,16x,0.8754549426565436
AFT-Net (KI),T2w on 1.5T,16x,0.891711563003999
AFT-Net (KI),T2w on 1.5T,16x,0.8571115364778562
AFT-Net (KI),T2w on 1.5T,16x,0.9195715365841332
AFT-Net (KI),T2w on 1.5T,16x,0.8666518858904754
AFT-Net (KI),T2w on 1.5T,16x,0.8475510876116304
AFT-Net (KI),T2w on 1.5T,16x,0.8637612045062635
AFT-Net (KI),T2w on 1.5T,16x,0.915144533509051
AFT-Net (KI),T2w on 1.5T,16x,0.863752841720904
AFT-Net (KI),T2w on 1.5T,16x,0.852193487309541
AFT-Net (KI),T2w on 1.5T,16x,0.9325149098652128
AFT-Net (KI),T2w on 1.5T,16x,0.8717589953665561
AFT-Net (KI),T2w on 1.5T,16x,0.8790373114849633
AFT-Net (KI),T2w on 1.5T,16x,0.8318140062803275
AFT-Net (KI),T2w on 1.5T,16x,0.8340626019526645
AFT-Net (KI),T2w on 1.5T,16x,0.9293988545723938
AFT-Net (KI),T2w on 1.5T,16x,0.8687340294372241
AFT-Net (KI),T2w on 1.5T,16x,0.91366441600335
AFT-Net (KI),T2w on 1.5T,16x,0.9016357153878672
AFT-Net (KI),T2w on 1.5T,16x,0.9291886483688724
AFT-Net (KI),T2w on 1.5T,16x,0.8321016187227819
AFT-Net (KI),T2w on 1.5T,16x,0.91444479513697
AFT-Net (KI),T2w on 1.5T,16x,0.89697732984919
AFT-Net (KI),T2w on 1.5T,16x,0.9044335608969962
AFT-Net (KI),T2w on 1.5T,16x,0.9042944605946516
AFT-Net (KI),T2w on 1.5T,16x,0.9172798872031344
AFT-Net (KI),T2w on 1.5T,16x,0.9108108972033628
AFT-Net (KI),T2w on 1.5T,16x,0.9254008608683888
AFT-Net (KI),T2w on 1.5T,16x,0.9106649488889272
AFT-Net (KI),T2w on 1.5T,16x,0.8336880077497774
AFT-Net (KI),T2w on 1.5T,16x,0.8327712139648697
AFT-Net (KI),T2w on 1.5T,16x,0.9008522551562858
AFT-Net (KI),T2w on 1.5T,16x,0.9140134512117436
AFT-Net (KI),T2w on 1.5T,16x,0.9073615797892554
AFT-Net (KI),T2w on 1.5T,16x,0.8940584121336388
AFT-Net (KI),T2w on 1.5T,16x,0.9319910740820988
AFT-Net (KI),T2w on 1.5T,16x,0.833906316784902
AFT-Net (KI),T2w on 1.5T,16x,0.9192212905810764
AFT-Net (KI),T2w on 1.5T,16x,0.8572101733951115
AFT-Net (KI),T2w on 1.5T,16x,0.8576467583506918
AFT-Net (KI),T2w on 1.5T,16x,0.934451321072448
AFT-Net (KI),T2w on 1.5T,16x,0.9225729058987028
AFT-Net (KI),T2w on 1.5T,16x,0.8514523904596263
AFT-Net (KI),T2w on 1.5T,16x,0.819976231272103
AFT-Net (KI),T2w on 1.5T,16x,0.8612119556169662
AFT-Net (KI),T2w on 1.5T,16x,0.9112920148006992
AFT-Net (KI),T2w on 1.5T,16x,0.8479121861148513
AFT-Net (KI),T2w on 1.5T,16x,0.79246847633561
AFT-Net (KI),T2w on 1.5T,16x,0.9205956734448
AFT-Net (KI),T2w on 1.5T,16x,0.9376111664235596
AFT-Net (KI),T2w on 1.5T,16x,0.900672031966411
AFT-Net (KI),T2w on 1.5T,16x,0.7860865106241212
AFT-Net (KI),T2w on 1.5T,16x,0.8609296361862491
AFT-Net (KI),T2w on 3T,2x,0.9660183632361496
AFT-Net (KI),T2w on 3T,2x,0.9586665061120474
AFT-Net (KI),T2w on 3T,2x,0.9736921674796796
AFT-Net (KI),T2w on 3T,2x,0.9778812384609974
AFT-Net (KI),T2w on 3T,2x,0.9454530379255742
AFT-Net (KI),T2w on 3T,2x,0.9666132902052176
AFT-Net (KI),T2w on 3T,2x,0.9543326329750804
AFT-Net (KI),T2w on 3T,2x,0.9530338434909004
AFT-Net (KI),T2w on 3T,2x,0.9333574721073904
AFT-Net (KI),T2w on 3T,2x,0.9636569008016362
AFT-Net (KI),T2w on 3T,2x,0.9554975888644232
AFT-Net (KI),T2w on 3T,2x,0.9700582333874276
AFT-Net (KI),T2w on 3T,2x,0.9702670882449964
AFT-Net (KI),T2w on 3T,2x,0.974648103430612
AFT-Net (KI),T2w on 3T,2x,0.9737642435429824
AFT-Net (KI),T2w on 3T,2x,0.9828424648260264
AFT-Net (KI),T2w on 3T,2x,0.9690821153309812
AFT-Net (KI),T2w on 3T,2x,0.96253940573095
AFT-Net (KI),T2w on 3T,4x,0.93606361658526
AFT-Net (KI),T2w on 3T,4x,0.9439990621938784
AFT-Net (KI),T2w on 3T,4x,0.949376910240568
AFT-Net (KI),T2w on 3T,4x,0.959315767436782
AFT-Net (KI),T2w on 3T,4x,0.9350360961444272
AFT-Net (KI),T2w on 3T,4x,0.955254378233616
AFT-Net (KI),T2w on 3T,4x,0.9455698555180996
AFT-Net (KI),T2w on 3T,4x,0.9460910254692512
AFT-Net (KI),T2w on 3T,4x,0.9195496024374198
AFT-Net (KI),T2w on 3T,4x,0.9539015019530424
AFT-Net (KI),T2w on 3T,4x,0.948134943341231
AFT-Net (KI),T2w on 3T,4x,0.959277131706228
AFT-Net (KI),T2w on 3T,4x,0.948948971320546
AFT-Net (KI),T2w on 3T,4x,0.9655763156812976
AFT-Net (KI),T2w on 3T,4x,0.9532106738229142
AFT-Net (KI),T2w on 3T,4x,0.9637846779062746
AFT-Net (KI),T2w on 3T,4x,0.9607569911179432
AFT-Net (KI),T2w on 3T,4x,0.952680155544574
AFT-Net (KI),T2w on 3T,8x,0.8835874831576914
AFT-Net (KI),T2w on 3T,8x,0.9157757766277236
AFT-Net (KI),T2w on 3T,8x,0.9042274563498156
AFT-Net (KI),T2w on 3T,8x,0.9280608500340852
AFT-Net (KI),T2w on 3T,8x,0.9151987735226312
AFT-Net (KI),T2w on 3T,8x,0.93678912954762
AFT-Net (KI),T2w on 3T,8x,0.9318047220623952
AFT-Net (KI),T2w on 3T,8x,0.93374058213666
AFT-Net (KI),T2w on 3T,8x,0.8997710713673133
AFT-Net (KI),T2w on 3T,8x,0.9379269582812706
AFT-Net (KI),T2w on 3T,8x,0.9337255157267448
AFT-Net (KI),T2w on 3T,8x,0.9416956617472084
AFT-Net (KI),T2w on 3T,8x,0.9043049307716124
AFT-Net (KI),T2w on 3T,8x,0.9548576041391178
AFT-Net (KI),T2w on 3T,8x,0.9119180394824214
AFT-Net (KI),T2w on 3T,8x,0.9220375070423436
AFT-Net (KI),T2w on 3T,8x,0.9490399023396848
AFT-Net (KI),T2w on 3T,8x,0.9382420337363128
AFT-Net (KI),T2w on 3T,16x,0.790739048260399
AFT-Net (KI),T2w on 3T,16x,0.8656400908907689
AFT-Net (KI),T2w on 3T,16x,0.8244372361425499
AFT-Net (KI),T2w on 3T,16x,0.8473812242067289
AFT-Net (KI),T2w on 3T,16x,0.8767247448754709
AFT-Net (KI),T2w on 3T,16x,0.9071311163371392
AFT-Net (KI),T2w on 3T,16x,0.9028983703820558
AFT-Net (KI),T2w on 3T,16x,0.912658099982526
AFT-Net (KI),T2w on 3T,16x,0.8718114651202005
AFT-Net (KI),T2w on 3T,16x,0.9083239471701412
AFT-Net (KI),T2w on 3T,16x,0.912832062374302
AFT-Net (KI),T2w on 3T,16x,0.91496702049365
AFT-Net (KI),T2w on 3T,16x,0.8365554616285047
AFT-Net (KI),T2w on 3T,16x,0.9388973656439588
AFT-Net (KI),T2w on 3T,16x,0.8428467640577414
AFT-Net (KI),T2w on 3T,16x,0.8636834665738693
AFT-Net (KI),T2w on 3T,16x,0.9299193409358526
AFT-Net (KI),T2w on 3T,16x,0.9173283743397916
AFT-Net (KI),T1w on 3T,2x,0.98470259221331
AFT-Net (KI),T1w on 3T,2x,0.972723431831812
AFT-Net (KI),T1w on 3T,2x,0.958886373709028
AFT-Net (KI),T1w on 3T,2x,0.9781302109641326
AFT-Net (KI),T1w on 3T,2x,0.979093814596372
AFT-Net (KI),T1w on 3T,2x,0.9811438314897316
AFT-Net (KI),T1w on 3T,2x,0.9726154622140832
AFT-Net (KI),T1w on 3T,2x,0.9714874898717244
AFT-Net (KI),T1w on 3T,2x,0.945584515091352
AFT-Net (KI),T1w on 3T,2x,0.9433132501446092
AFT-Net (KI),T1w on 3T,2x,0.9827395328666996
AFT-Net (KI),T1w on 3T,2x,0.9698138923900158
AFT-Net (KI),T1w on 3T,2x,0.9663202168827534
AFT-Net (KI),T1w on 3T,2x,0.9771893381005052
AFT-Net (KI),T1w on 3T,4x,0.9702215201469282
AFT-Net (KI),T1w on 3T,4x,0.9542287772423113
AFT-Net (KI),T1w on 3T,4x,0.9525449932271828
AFT-Net (KI),T1w on 3T,4x,0.9571548595053296
AFT-Net (KI),T1w on 3T,4x,0.9597495886571624
AFT-Net (KI),T1w on 3T,4x,0.9613542343533736
AFT-Net (KI),T1w on 3T,4x,0.9427732968146058
AFT-Net (KI),T1w on 3T,4x,0.9531374557997658
AFT-Net (KI),T1w on 3T,4x,0.9372324578206598
AFT-Net (KI),T1w on 3T,4x,0.9324864369405864
AFT-Net (KI),T1w on 3T,4x,0.9626316109927324
AFT-Net (KI),T1w on 3T,4x,0.9585893716138756
AFT-Net (KI),T1w on 3T,4x,0.9587691108319312
AFT-Net (KI),T1w on 3T,4x,0.9556846032087936
AFT-Net (KI),T1w on 3T,8x,0.933557551246238
AFT-Net (KI),T1w on 3T,8x,0.9213062600186306
AFT-Net (KI),T1w on 3T,8x,0.9437146795649152
AFT-Net (KI),T1w on 3T,8x,0.9037125976916032
AFT-Net (KI),T1w on 3T,8x,0.9228453007513248
AFT-Net (KI),T1w on 3T,8x,0.9252547518634872
AFT-Net (KI),T1w on 3T,8x,0.8927816486790257
AFT-Net (KI),T1w on 3T,8x,0.9198490423672394
AFT-Net (KI),T1w on 3T,8x,0.9236732995410571
AFT-Net (KI),T1w on 3T,8x,0.9138029243079075
AFT-Net (KI),T1w on 3T,8x,0.9154639856145445
AFT-Net (KI),T1w on 3T,8x,0.9395803753919296
AFT-Net (KI),T1w on 3T,8x,0.9443206481111596
AFT-Net (KI),T1w on 3T,8x,0.9136625974733252
AFT-Net (KI),T1w on 3T,16x,0.8566747615115131
AFT-Net (KI),T1w on 3T,16x,0.821920916968915
AFT-Net (KI),T1w on 3T,16x,0.9287003279965854
AFT-Net (KI),T1w on 3T,16x,0.8246904666818321
AFT-Net (KI),T1w on 3T,16x,0.8612044634676055
AFT-Net (KI),T1w on 3T,16x,0.8619850949566518
AFT-Net (KI),T1w on 3T,16x,0.8305919940087871
AFT-Net (KI),T1w on 3T,16x,0.8596243027217538
AFT-Net (KI),T1w on 3T,16x,0.9048120306684768
AFT-Net (KI),T1w on 3T,16x,0.8837896947741184
AFT-Net (KI),T1w on 3T,16x,0.8408939498276385
AFT-Net (KI),T1w on 3T,16x,0.9146237699059352
AFT-Net (KI),T1w on 3T,16x,0.9146782609422606
AFT-Net (KI),T1w on 3T,16x,0.8540533978585994
